,Razão Social,Nome de Pregão,Segmento,Código,Categoria
0,3M COMPANY,3M,BDR / CDADRN,MMMC,
1,ABBOTT LABORATORIES,ABBOTT,BDR / CDADRN,ABTT,
2,ABBVIE INC.,ABBVIE,BDR / CDADRN,ABBV,
3,ABN AMRO BANK N.V,ABN AMRO,BDR / CDADRN,ABAM,
4,ACADEMY SPORTS & OUTDOORS INC,ACADEMY SPOR,BDR / CDADRN,A2SO,
5,ACCENTURE PLC,ACCENTURE,BDR / CDADRN,ACNB,
6,ADAPTHEALTH CORP,ADAPTHEALTH,BDR / CDADRN,A2HC,
7,ADOBE INC,ADOBE INC,BDR / CDADRN,ADBE,
8,ADVANCE AUTO PARTS INC,ADVANCE AUTO,BDR / CDADRN,A1AP,
9,ADVANCED MICRO DEVICES INC,ADVANCED MIC,BDR / CDADRN,A1MD,
10,AEGON LTD.,AEGON LTD,BDR / CDADRN,A1EG,
11,AES CORP,AES CORP,BDR / CDADRN,A1ES,
12,AFLAC INC,AFLAC INC,BDR / CDADRN,A1FL,
13,AFYA LTD,AFYA LTD,BDR / CDADRN,A2FY,
14,AGILENT TECHNOLOGIES INC,AGILENT TECH,BDR / CDADRN,A1GI,
15,AIR PRODUCTS & CHEMICALS INC,AIR PRODUCTS,BDR / CDADRN,A1PD,
16,AIRBNB INC,AIRBNB,BDR / CDADRN,AIRB,
17,AKAMAI TECHNOLOGIES INC,AKAMAI TECHN,BDR / CDADRN,A1KA,
18,AKZO NOBEL,AKZO NOBEL,BDR / CDADRN,AKZA,
19,ALASKA AIR GROUP INC,ALASKA AIR G,BDR / CDADRN,A1LK,
20,ALBEMARLE CORP,ALBEMARLE CO,BDR / CDADRN,A1LB,
21,ALCON INC,ALCON INC,BDR / CDADRN,A2LC,
22,ALEXANDRIA REAL ESTATE EQUITIES INC,ALEXANDRIA R,BDR / CDADRN,A1RE,
23,ALIBABA GROUP HOLDING LTD,ALIBABAGR,BDR / CDADRN,BABA,
24,ALIGN TECHNOLOGY INC,ALIGN TECHNO,BDR / CDADRN,A1LG,
25,ALLEGION PLC,ALLEGION PLC,BDR / CDADRN,A1GN,
26,ALLFUNDS GROUP,ALLFUNDS,BDR / CDADRN,ALFG,
27,ALLIANT ENERGY CORP,ALLIANT ENER,BDR / CDADRN,A1EN,
28,ALLSTATE CORP,ALLSTATE COR,BDR / CDADRN,A1TT,
29,ALNYLAM PHARMACEUTICALS INC,ALNYLAM PHAR,BDR / CDADRN,A1LN,
30,ALPHABET INC.,ALPHABET,BDR / CDADRN,GOGL,
31,ALTERYX INC,ALTERYX INC,BDR / CDADRN,A1YX,
32,ALTRIA GROUP. INC.,ALTRIA GROUP,BDR / CDADRN,MOOO,
33,AMAZON.COM. INC,AMAZON,BDR / CDADRN,AMZO,
34,AMBARELLA INC,AMBARELLA IN,BDR / CDADRN,A2MB,
35,AMCOR PLC,AMCOR PLC,BDR / CDADRN,A1CR,
36,AMDOCS LTD,AMDOCS LTD,BDR / CDADRN,D2OX,
37,AMEDISYS INC,AMEDISYS INC,BDR / CDADRN,A2ME,
38,AMEREN CORP,AMEREN CORP,BDR / CDADRN,A1EE,
39,AMERICAN AIRLINES GROUP INC.,AMERICAN AIR,BDR / CDADRN,AALL,
40,AMERICAN ELECTRIC POWER CO INC,AMERICAN ELE,BDR / CDADRN,A1EP,
41,AMERICAN EXPRESS COMPANY,AMERICAN EXP,BDR / CDADRN,AXPB,
42,AMERICAN INTERNATIONAL GROUP INC.,AIG GROUP,BDR / CDADRN,AIGB,
43,AMERICAN TOWER CORP,AMERICAN TOW,BDR / CDADRN,T1OW,
44,AMERICAN WATER WORKS CO INC,AMERICAN WAT,BDR / CDADRN,A1WK,
45,AMERIPRISE FINANCIAL INC,AMERIPRISE F,BDR / CDADRN,A1MP,
46,AMETEK INC,AMETEK INC,BDR / CDADRN,A1ME,
47,AMGEN INC.,AMGEN,BDR / CDADRN,AMGN,
48,AMPHENOL CORP,AMPHENOL COR,BDR / CDADRN,A1PH,
49,ANALOG DEVICES INC,ANALOG DEVIC,BDR / CDADRN,A1DI,
50,ANGLO AMERICAN PLC,ANGLOAMERICA,BDR / CDADRN,AAGO,
51,ANHEUSER-BUSCH INBEV SA/NV,AB INBEV,BDR / CDADRN,ABUD,
52,ANNALY CAPITAL MANAGEMENT INC,ANNALY CAPTL,BDR / CDADRN,N2LY,
53,ANSYS INC,ANSYS INC,BDR / CDADRN,A1NS,
54,AO SMITH CORP,AO SMITH COR,BDR / CDADRN,A1OS,
55,AON PLC,AON PLC,BDR / CDADRN,A1ON,
56,APA CORP,APA CORP,BDR / CDADRN,A1PA,
57,APARTMENT INVESTMENT & MANAGEMENT CO,APARTMENT IN,BDR / CDADRN,A1IV,
58,APPLE INC.,APPLE,BDR / CDADRN,AAPL,
59,APPLIED MATERIALS INC,APPLIED MATE,BDR / CDADRN,A1MT,
60,APTARGROUP INC,APTARGROUP,BDR / CDADRN,A2TR,
61,APTIV PLC,APTIV PLC,BDR / CDADRN,APTV,
62,ARCELORMITTAL,ARCELOR,BDR / CDADRN,ARMT,
63,ARCHER-DANIELS-MIDLAND CO,ARCHER DANIE,BDR / CDADRN,A1DM,
64,ARES MANAGEMENT CORP,ARES MANAGEM,BDR / CDADRN,A2RE,
65,ARGENX SE,ARGENX SE,BDR / CDADRN,A1RG,
66,ARISTA NETWORKS INC,ARISTA NETWO,BDR / CDADRN,A1NE,
67,ARMSTRONG WORLD INDUSTRIES INC,ARMSTRONG,BDR / CDADRN,AWII,
68,ARROW ELECTRONICS INC,ARROW ELECTR,BDR / CDADRN,A2RW,
69,ARROWHEAD PHARMACEUTICALS INC,ARROWHEAD PH,BDR / CDADRN,A2RR,
70,ARTHUR J GALLAGHER & CO,ARTHUR J GAL,BDR / CDADRN,A1JG,
71,ASCENDIS PHARMA A/S,ASCENDIS PHA,BDR / CDADRN,A1SN,
72,ASML HOLDING NV,ASML HOLD,BDR / CDADRN,ASML,
73,ASSURANT INC,ASSURANT INC,BDR / CDADRN,A1SU,
74,ASTON MARTIN LAGONDA GLOBAL HOLDINGS PLC,ASTONMARTIN,BDR / CDADRN,AMLG,
75,ASTRAZENECA PLC,ASTRAZENECA,BDR / CDADRN,A1ZN,
76,AT&T INC.,ATT INC,BDR / CDADRN,ATTB,
77,ATLASSIAN CORPORATION PLC,ATLASSIAN CO,BDR / CDADRN,T1AM,
78,ATMOS ENERGY CORP,ATMOS ENERGY,BDR / CDADRN,A1TM,
79,AUTODESK INC,AUTODESK INC,BDR / CDADRN,A1UT,
80,AUTOHOME INC,AUTOHOME INC,BDR / CDADRN,A1TH,
81,AUTOMATIC DATA PROCESSING INC,AUTOMATIC DT,BDR / CDADRN,ADPR,
82,AUTOZONE INC,AUTOZONE INC,BDR / CDADRN,AZOI,
83,AVALONBAY COMMUNITIES INC,AVALONBAY CO,BDR / CDADRN,A1VB,
84,AVERY DENNISON CORP,AVERY DENNIS,BDR / CDADRN,A1VY,
85,AXON ENTERPRISE INC,AXON ENTERPR,BDR / CDADRN,A2XO,
86,AZENTA INC,AZENTA INC,BDR / CDADRN,A2ZT,
87,BAIDU INC,BAIDU INC,BDR / CDADRN,BIDU,
88,BAKER HUGHES CO,BAKER HUGHES,BDR / CDADRN,B1KR,
89,BALCHEM CORP,BALCHEM CORP,BDR / CDADRN,B2CP,
90,BALL CORP,BALL CORP,BDR / CDADRN,B1LL,
91,BANCO BILBAO VIZCAYA ARGENTARIA SA,BILBAOVIZ,BDR / CDADRN,BILB,
92,BANCO SANTANDER CHILE,BANCO SANTAN,BDR / CDADRN,B1SA,
93,BANCO SANTANDER SA,SANTANDER,BDR / CDADRN,BCSA,
94,BANCOLOMBIA SA,BANCOLOMBIA,BDR / CDADRN,C2OL,
95,BANK OF AMERICA CORPORATION,BANK AMERICA,BDR / CDADRN,BOAC,
96,BARCLAYS PLC,BARCLAYS PLC,BDR / CDADRN,B1CS,
97,BARRICK GOLD,BARRICK GOLD,BDR / CDADRN,BARR,
98,BATH & BODY WORKS. INC.,BATHBODY,BDR / CDADRN,B1BW,
99,BAXTER INTERNATIONAL INC,BAXTER INTER,BDR / CDADRN,B1AX,
100,BECTON DICKINSON AND CO,BECTON DICKI,BDR / CDADRN,B1DX,
101,BEIGENE LTD,BEIGENE LTD,BDR / CDADRN,B1GN,
102,BERKSHIRE HATHAWAY INC.,BERKSHIRE,BDR / CDADRN,BERK,
103,BEST BUY CO.. INC.,BEST BUY,BDR / CDADRN,BBYY,
104,BEYOND MEAT INC,BEYOND MEAT,BDR / CDADRN,B2YN,
105,BILIBILI INC,BILIBILI INC,BDR / CDADRN,B1IL,
106,BILL HOLDINGS. INC.,BILL HOLD,BDR / CDADRN,B2HI,
107,BIOGEN INC.,BIOGEN,BDR / CDADRN,BIIB,
108,BIOMARIN PHARMACEUTICAL INC,BIOMARIN PHA,BDR / CDADRN,B1MR,
109,BIONTECH SE,BIONTECH SE,BDR / CDADRN,B1NT,
110,BIO-TECHNE CORPORATION,BIO-TECHNE C,BDR / CDADRN,T1CH,
111,BLACKLINE INC,BLACKLINE IN,BDR / CDADRN,B2LN,
112,BLACKROCK. INC.,BLACKROCK,BDR / CDADRN,BLAK,
113,BLOCK. INC.,BLOCK INC.,BDR / CDADRN,S2QU,
114,BOOKING HOLDINGS INC,BOOKING,BDR / CDADRN,BKNG,
115,BOOZ ALLEN HAMILTON HOLDING CORP,BOOZALLEN HH,BDR / CDADRN,B2AH,
116,BORGWARNER INC,BORGWARNER I,BDR / CDADRN,B1WA,
117,BOSTON PROPERTIES. INC,BOSTON PROP,BDR / CDADRN,BOXP,
118,BOSTON SCIENTIFIC CORP,BOSTON SCIEN,BDR / CDADRN,B1SX,
119,BP PLC,BP PLC,BDR / CDADRN,B1PP,
120,BREAD FINANCIAL HOLDINGS. INC.,BREAD FINAN,BDR / CDADRN,A1LL,
121,BRISTOL-MYERS SQUIBB COMPANY,BRISTOLMYERS,BDR / CDADRN,BMYB,
122,BRITISH AMERICAN TOBACCO PLC,BRITISH AMER,BDR / CDADRN,B1TI,
123,BROADCOM INC,BROADCOM INC,BDR / CDADRN,AVGO,
124,BROADRIDGE FINANCIAL SOLUTIONS INC,BROADRIDGE F,BDR / CDADRN,B1RF,
125,BROOKFIELD CORPORATION,BROOKFIELD C,BDR / CDADRN,B1AM,
126,BROWN FORMAN CORP,BROWN FORMAN,BDR / CDADRN,B1FC,
127,BRUKER CORP,BRUKER CORP,BDR / CDADRN,B2RK,
128,BUMBLE INC,BUMBLE INC,BDR / CDADRN,B2MB,
129,BURLINGTON STORES INC,BURLINGTONST,BDR / CDADRN,B2UR,
130,CABLE ONE INC,CABLE ONE IN,BDR / CDADRN,C1AB,
131,CACI INTERNATIONAL INC,CACI INTERNL,BDR / CDADRN,C2AC,
132,CADENCE DESIGN SYSTEMS INC,CADENCE DESI,BDR / CDADRN,C1DN,
133,CAESARS ENTERTAINMENT INC,CAESARS ENTT,BDR / CDADRN,C2ZR,
134,CAMDEN PROPERTY TRUST,CAMDEN PROP,BDR / CDADRN,C2PT,
135,CAMPBELL SOUP CO,CAMPBELL SOU,BDR / CDADRN,C1PB,
136,CANADIAN NATIONAL RAILWAY CO,CANAD NATION,BDR / CDADRN,CNIC,
137,CANADIAN PACIFIC KANSAS CITY LIMITED,CANAD KANSAS,BDR / CDADRN,CPRL,
138,CAPITAL ONE FINANCIAL CORP,CAPITAL ONE,BDR / CDADRN,CAON,
139,CAPRI HOLDINGS LTD,CAPRI HOLDI,BDR / CDADRN,CAPH,
140,CARDINAL HEALTH INC,CARDINAL HEA,BDR / CDADRN,C1AH,
141,CARMAX INC,CARMAX INC,BDR / CDADRN,K1MX,
142,CARNIVAL CORP,CARNIVAL COR,BDR / CDADRN,C1CL,
143,CARRIER GLOBAL CORPORATION,CARRIER GLOB,BDR / CDADRN,C1RR,
144,CARTERS INC,CARTERS INC,BDR / CDADRN,CRIN,
145,CATERPILLAR INC.,CATERPILLAR,BDR / CDADRN,CATP,
146,CBOE GLOBAL MARKETS INC,CBOE GLOBAL,BDR / CDADRN,C1BO,
147,CBRE GROUP INC,CBRE GROUP I,BDR / CDADRN,C1BR,
148,CDW CORPORATION,CDW CORP,BDR / CDADRN,C1DW,
149,CELANESE CORP,CELANESE COR,BDR / CDADRN,C1NS,
150,CEMEX SAB DE CV,CEMEX SAB,BDR / CDADRN,C2EM,
151,CENCORA INC,CENCORA INC,BDR / CDADRN,C1CO,
152,CENTENE CORP,CENTENE CORP,BDR / CDADRN,C1NC,
153,CENTERPOINT ENERGY INC,CENTERPOINT,BDR / CDADRN,C1NP,
154,CERENCE INC,CERENCE INC,BDR / CDADRN,C2RN,
155,CF INDUSTRIES HOLDINGS INC,CF INDUSTRIE,BDR / CDADRN,C1FI,
156,CH ROBINSON WORLDWIDE INC,CH ROBINSON,BDR / CDADRN,C1HR,
157,CHARGEPOINT HOLDINGS INC,CHARGEPOINTH,BDR / CDADRN,C2HP,
158,CHARTER COMMUNICATIONS INC,CHARTER COMM,BDR / CDADRN,CHCM,
159,CHECK POINT SOFTWARE TECHNOLOGIES LTD,CHECK POINT,BDR / CDADRN,C1HK,
160,CHEVRON CORPORATION,CHEVRON,BDR / CDADRN,CHVX,
161,CHIPOTLE MEXICAN GRILL INC,CHIPOTLE MEX,BDR / CDADRN,C1MG,
162,CHUBB LTD,CHUBB LTD,BDR / CDADRN,C1BL,
163,CHUNGHWA TELECOM CO LTD,CHUNGHWA TEL,BDR / CDADRN,C1HT,
164,CHURCH & DWIGHT CO INC,CHURCH DWIGH,BDR / CDADRN,CHDC,
165,CHURCHILL DOWNS INC,CHURCHILL DW,BDR / CDADRN,C2HD,
166,CINCINNATI FINANCIAL CORP,CINCINNATI,BDR / CDADRN,CINF,
167,CINTAS CORP,CINTAS CORP,BDR / CDADRN,C1TA,
168,CISCO SYSTEMS. INC.,CISCO,BDR / CDADRN,CSCO,
169,CITIGROUP INC.,CITIGROUP,BDR / CDADRN,CTGP,
170,CITIZENS FINANCIAL GROUP INC,CITIZENS FIN,BDR / CDADRN,C1FG,
171,CLOROX COMPANY,CLOROX CO,BDR / CDADRN,CLXC,
172,CLOUDFLARE INC,CLOUDFLARE,BDR / CDADRN,N2ET,
173,CLOVER HEALTH INVESTMENTS CORP,CLOVERHEALTH,BDR / CDADRN,CLOV,
174,CME GROUP INC.,CME GROUP,BDR / CDADRN,CHME,
175,CMS ENERGY CORP,CMS ENERGY C,BDR / CDADRN,C1MS,
176,COCA-COLA FEMSA SAB DE CV,FEMSA SAB CV,BDR / CDADRN,C2CA,
177,COGNEX CORP,COGNEX CORP,BDR / CDADRN,C2GN,
178,COGNIZANT TECHNOLOGY SOLUTIONS,COGNIZANT,BDR / CDADRN,CTSH,
179,COINBASE GLOBAL INC,COINBASEGLOB,BDR / CDADRN,C2OI,
180,COLGATE-PALMOLIVE COMPANY,COLGATE,BDR / CDADRN,COLG,
181,COLUMBIA SPORTSWEAR CO,COLUMBIA SPO,BDR / CDADRN,C2SW,
182,COMCAST CORPORATION,COMCAST,BDR / CDADRN,CMCS,
183,COMERICA INC,COMERICA INC,BDR / CDADRN,C1MA,
184,CONAGRA BRANDS INC,CONAGRA BRAN,BDR / CDADRN,C1AG,
185,CONOCOPHILLIPS,COPHILLIPS,BDR / CDADRN,COPH,
186,CONSOLIDATED EDISON INC,CONSOLIDATED,BDR / CDADRN,E1DI,
187,CONSTELLATION BRANDS INC,CONSTELLATIO,BDR / CDADRN,STZB,
188,COOPER COMPANIES INC,COOPER COMPA,BDR / CDADRN,C1OO,
189,COPART INC,COPART INC,BDR / CDADRN,C1PR,
190,CORNING INC,CORNING INC,BDR / CDADRN,G1LW,
191,CORTEVA INC,CORTEVA INC,BDR / CDADRN,C1TV,
192,COSTAR GROUP INC,COSTAR GROUP,BDR / CDADRN,C1GP,
193,COSTCO WHOLESALE CORPORATION,COSTCO,BDR / CDADRN,COWC,
194,COTERRA ENERGY INC.,COTERRA ENER,BDR / CDADRN,C1OG,
195,COTY. INC.,COTY INC,BDR / CDADRN,COTY,
196,COURSERA INC,COURSERA INC,BDR / CDADRN,C2OU,
197,COUSINS PROPERTIES INC,COUSINS PROP,BDR / CDADRN,C2PR,
198,CREDICORP LTD,CREDICORP LT,BDR / CDADRN,B2AP,
199,CREDIT ACCEPTANCE CORP,CREDIT ACCEP,BDR / CDADRN,CRDA,
200,CRH PLC,CRH PLC,BDR / CDADRN,C1RH,
201,CRISPR THERAPEUTICS AG,CRISPR THERA,BDR / CDADRN,C2RS,
202,CROWDSTRIKE HOLDINGS INC,CROWDSTRIKE,BDR / CDADRN,C2RW,
203,CROWN CASTLE INC.,CROWN CASTLE,BDR / CDADRN,C1CI,
204,CSX CORP,CSX CORP,BDR / CDADRN,CSXC,
205,CUMMINS INC,CUMMINS INC,BDR / CDADRN,C1MI,
206,CVS HEALTH CORPORATION,CVS HEALTH,BDR / CDADRN,CVSH,
207,DANAHER CORPORATION,DANAHER CORP,BDR / CDADRN,DHER,
208,DARDEN RESTAURANTS INC,DARDEN RESTA,BDR / CDADRN,D1RI,
209,DARLING INGREDIENTS INC,DARLING INGR,BDR / CDADRN,D2AR,
210,DATADOG INC,DATADOG INC,BDR / CDADRN,D1DG,
211,DAVITA INC,DAVITA INC,BDR / CDADRN,DVAI,
212,DEERE & CO,DEERE CO,BDR / CDADRN,DEEC,
213,DELL TECHNOLOGIES INC,DELL TECHNOL,BDR / CDADRN,D1EL,
214,DELTA AIR LINES. INC.,DELTA,BDR / CDADRN,DEAI,
215,DENALI THERAPEUTICS INC,DENALI THERA,BDR / CDADRN,D2NL,
216,DENTSPLY SIRONA INC,DENTSPLY SIR,BDR / CDADRN,XRAY,
217,DEUTSCHE BANK AKTIENGESELLSCHAFT,DEUTSCHE AK,BDR / CDADRN,DBAG,
218,DEVON ENERGY CORP,DEVON ENERGY,BDR / CDADRN,D1VN,
219,DEXCOM INC,DEXCOM INC,BDR / CDADRN,D1EX,
220,DIAGEO PLC,DIAGEO PL,BDR / CDADRN,DEOP,
221,DIAMONDBACK ENERGY INC,DIAMONDBACK,BDR / CDADRN,F1AN,
222,DICKS SPORTING GOODS INC,DICKS SPORT,BDR / CDADRN,D2KS,
223,DIGITAL REALTY TRUST INC,DIGITAL REAL,BDR / CDADRN,D1LR,
224,DISCOVER FINANCIAL SERVICES,DISCOVER FIN,BDR / CDADRN,D1FS,
225,DOCUSIGN INC,DOCUSIGN INC,BDR / CDADRN,D1OC,
226,DOLLAR GENERAL CORP,DOLLAR GENER,BDR / CDADRN,DGCO,
227,DOLLAR TREE INC,DOLLAR TREE,BDR / CDADRN,DLTR,
228,DOMINION ENERGY INC,DOMINION ENE,BDR / CDADRN,D1OM,
229,DOMINO S PIZZA INC,DOMINOSPIZZA,BDR / CDADRN,D2PZ,
230,DOORDASH INC,DOORDASH INC,BDR / CDADRN,D2AS,
231,DOVER CORP,DOVER CORP,BDR / CDADRN,D1OV,
232,DOW INC,DOW INC,BDR / CDADRN,D1OW,
233,DOXIMITY INC,DOXIMITY INC,BDR / CDADRN,D2OC,
234,DR HORTON INC,DR HORTON IN,BDR / CDADRN,D1HI,
235,DR REDDYS LABORATORIES LTD,DR REDDYS LA,BDR / CDADRN,R1DY,
236,DRAFTKINGS INC,DRAFTKINGS,BDR / CDADRN,D2KN,
237,DTE ENERGY CO,DTE ENERGY C,BDR / CDADRN,D1TE,
238,DUKE ENERGY CORPORATION,DUKE ENERGY,BDR / CDADRN,DUKB,
239,DUPONT DE NEMOURS INC.,DUPONT N INC,BDR / CDADRN,DDNB,
240,DXC TECHNOLOGY CO,DXC TECHNOLO,BDR / CDADRN,D1XC,
241,DYNATRACE INC,DYNATRACE IN,BDR / CDADRN,D2TC,
242,EAGLE MATERIALS INC,EAGLE MATLS,BDR / CDADRN,E2AG,
243,EASTMAN CHEMICAL CO,EASTMAN CHEM,BDR / CDADRN,E1MN,
244,EATON CORP PLC,EATON CORP P,BDR / CDADRN,E1TN,
245,EBAY INC.,EBAY,BDR / CDADRN,EBAY,
246,ECOLAB INC,ECOLAB INC,BDR / CDADRN,E1CL,
247,ECOPETROL SA,ECOPETROL SA,BDR / CDADRN,E1CO,
248,EDISON INTERNATIONAL,EDISON INTER,BDR / CDADRN,E1IX,
249,EDWARDS LIFESCIENCES CORP,EDWARDS LIFE,BDR / CDADRN,E1WL,
250,ELASTIC NV,ELASTIC NV,BDR / CDADRN,E2ST,
251,ELECTRONIC ARTS INC,ELECTR ARTS,BDR / CDADRN,EAIN,
252,ELEVANCE HEALTH. INC.,ELEV HEALTH,BDR / CDADRN,E1LV,
253,ELI LILLY AND COMPANY,LILLY,BDR / CDADRN,LILY,
254,EMERSON ELECTRIC CO,EMERSON ELEC,BDR / CDADRN,E1MR,
255,ENCOMPASS HEALTH CORP,ENCOMPASS,BDR / CDADRN,E2HC,
256,ENOVIS CORPORATION,ENOVIS CORP,BDR / CDADRN,E2NO,
257,ENPHASE ENERGY INC,ENPHASE ENER,BDR / CDADRN,E2NP,
258,ENTEGRIS INC,ENTEGRIS INC,BDR / CDADRN,E2NT,
259,ENTERGY CORP,ENTERGY CORP,BDR / CDADRN,E1TR,
260,EOG RESOURCES INC,EOG RESOURCE,BDR / CDADRN,E1OG,
261,EPAM SYSTEMS INC,EPAM SYSTEMS,BDR / CDADRN,E2PA,
262,EQUINIX INC,EQUINIX INC,BDR / CDADRN,EQIX,
263,EQUINOR ASA,EQUINOR ASA,BDR / CDADRN,E1QN,
264,EQUITY LIFESTYLE PROPERTIES INC,EQUITY LIFES,BDR / CDADRN,E2LS,
265,EQUITY RESIDENTIAL,EQUITY RESID,BDR / CDADRN,E1QR,
266,ERICSSON LM TELEPHONE CO,ERICSSON LM,BDR / CDADRN,E1RI,
267,ESSEX PROPERTY TRUST INC,ESSEX PROPER,BDR / CDADRN,E1SS,
268,ESTEE LAUDER COMPANIES INC,ESTEE LAUDER,BDR / CDADRN,ELCI,
269,ETSY INC,ETSY INC,BDR / CDADRN,E2TS,
270,EURONET WORLDWIDE INC,EURONETWORLD,BDR / CDADRN,E2EF,
271,EVEREST GROUP LTD,EVEREST GRP,BDR / CDADRN,E1VE,
272,EVERGY INC,EVERGY INC,BDR / CDADRN,E1VR,
273,EVERSOURCE ENERGY,EVERSOURCE E,BDR / CDADRN,E1SE,
274,EXACT SCIENCES CORP,EXACT SCIENC,BDR / CDADRN,E2XA,
275,EXELIXIS INC,EXELIXIS INC,BDR / CDADRN,E2XE,
276,EXELON CORP,EXELON CORP,BDR / CDADRN,E1XC,
277,EXP WORLD HOLDINGS INC,EXP WORLD H,BDR / CDADRN,E2XP,
278,EXPEDIA GROUP INC,EXPEDIA GROU,BDR / CDADRN,EXGR,
279,EXPEDITORS INTERNATIONAL OF WASHINGTON INC,EXPEDITORS I,BDR / CDADRN,E1XP,
280,EXPERIAN,EXPERIAN,BDR / CDADRN,EPER,
281,EXTRA SPACE STORAGE INC,EXTRA SPACE,BDR / CDADRN,E1XR,
282,EXXON MOBIL CORPORATION,EXXON MOBIL,BDR / CDADRN,EXXO,
283,F5. INC.,F5 INC,BDR / CDADRN,F1FI,
284,FAIR ISAAC CORP,FAIR ISAAC C,BDR / CDADRN,F2IC,
285,FASTENAL CO,FASTENAL,BDR / CDADRN,FASL,
286,FASTLY INC,FASTLY INC,BDR / CDADRN,F1SL,
287,FEDEX CORPORATION,FEDEX CORP,BDR / CDADRN,FDXB,
288,FIDELITY NATIONAL INFORMATION SERVICES INC,FIDELITY NAT,BDR / CDADRN,F1NI,
289,FIFTH THIRD BANCORP,FIFTH THIRD,BDR / CDADRN,FFTD,
290,FIRST INDUSTRIAL REALTY TRUST INC,FIRST IND RT,BDR / CDADRN,F2RT,
291,FIRST SOLAR. INC,FIRST SOLAR,BDR / CDADRN,FSLR,
292,FIRSTENERGY CORP,FIRSTENERGY,BDR / CDADRN,F1EC,
293,FISERV INC,FISERV INC,BDR / CDADRN,F1IS,
294,FISKER INC,FISKER INC,BDR / CDADRN,F2SK,
295,FIVE9 INC,FIVE9 INC,BDR / CDADRN,F2IV,
296,FIVERR INTERNATIONAL LTD,FIVERR INTL,BDR / CDADRN,F2VR,
297,FLEETCOR TECHNOLOGIES INC,FLEETCOR TEC,BDR / CDADRN,FLTC,
298,FLOWSERVE CORP,FLOWSERVE CO,BDR / CDADRN,F1LS,
299,FMC CORP,FMC CORP,BDR / CDADRN,F1MC,
300,FOMENTO ECONOMICO MEXICANO SAB DE CV - FEMSA,FEMSA,BDR / CDADRN,FMXB,
301,FORD MOTORS COMPANY,FORD MOTORS,BDR / CDADRN,FDMO,
302,FORTINET INC,FORTINET INC,BDR / CDADRN,F1TN,
303,FORTIVE CORP,FORTIVE CORP,BDR / CDADRN,F1TV,
304,FORTUNE BRANDS INNOVATIONS. INC.,FORTUNE INNO,BDR / CDADRN,F1BH,
305,FOX CORPORATION,FOX CORP,BDR / CDADRN,FOXC,
306,FRANCO-NEVADA CORP,FRANCONEVADA,BDR / CDADRN,F2NV,
307,FRANKLIN RESOURCES INC,FRANKLIN RES,BDR / CDADRN,F1RA,
308,FREEPORT-MCMORAN INC.,FREEPORT,BDR / CDADRN,FCXO,
309,FRESENIUS MEDICAL CARE AG,FRESENIUS,BDR / CDADRN,FMSC,
310,FRESHWORKS INC,FRESHWORKS,BDR / CDADRN,F2RS,
311,GALAPAGOS NV,GALAPAGOS NV,BDR / CDADRN,G1LP,
312,GARMIN LTD,GARMIN LTD,BDR / CDADRN,G1RM,
313,GARTNER INC,GARTNER INC,BDR / CDADRN,G1AR,
314,GDS HOLDINGS LTD,GDS HOLDINGS,BDR / CDADRN,G1DS,
315,GEN DIGITAL INC.,GEN DIGT INC,BDR / CDADRN,S1YM,
316,GENERAL DYNAMICS CORP.,GEN DYNAMICS,BDR / CDADRN,GDBR,
317,GENERAL ELECTRIC COMPANY,GE,BDR / CDADRN,GEOO,
318,GENERAL MILLS INC,GENERAL MILL,BDR / CDADRN,G1MI,
319,GENERAL MOTORS COMPANY,GENERAL MOT,BDR / CDADRN,GMCO,
320,GENTEX CORP,GENTEX CORP,BDR / CDADRN,G2NT,
321,GENUINE PARTS CO,GENUINE PART,BDR / CDADRN,G1PC,
322,GEOPARK LTD,GEOPARK LTD,BDR / CDADRN,GPRK,
323,GILEAD SCIENCES. INC.,GILEAD,BDR / CDADRN,GILD,
324,GLENCORE,GLENCORE,BDR / CDADRN,GLEN,
325,GLOBAL PAYMENTS INC,GLOBAL PAYME,BDR / CDADRN,G1PI,
326,GLOBE LIFE INC,GLOBE LIFE I,BDR / CDADRN,G1LL,
327,GLOBUS MEDICAL INC,GLOBUS MEDIC,BDR / CDADRN,G2ME,
328,GODADDY INC,GODADDY INC,BDR / CDADRN,G2DD,
329,GOLD FIELDS LTD,GOLD FIELDS,BDR / CDADRN,G1FI,
330,GOLDMAN SACHS GROUP INC.,GOLDMANSACHS,BDR / CDADRN,GSGI,
331,GOPRO. INC.,GOPRO,BDR / CDADRN,GPRO,
332,GRUPO AEROPORTUARIO DEL PACIFICO SAB DE CV,GP AEROPACIF,BDR / CDADRN,P2CF,
333,GRUPO AEROPORTUARIO DEL SURESTE SAB DE CV,GP AEROSURES,BDR / CDADRN,S2RE,
334,GSK PLC.,GSK PLC,BDR / CDADRN,G1SK,
335,GUIDEWIRE SOFTWARE INC,GUIDEWIRE SW,BDR / CDADRN,G2WR,
336,H WORLD GROUP LIMITED,H WORLD GRP,BDR / CDADRN,H1TH,
337,H&R BLOCK INC,HER BLOCK IN,BDR / CDADRN,H1RB,
338,HALLIBURTON COMPANY,HALLIBURTON,BDR / CDADRN,HALI,
339,HANESBRANDS INC,HANESBRANDS,BDR / CDADRN,H1BI,
340,HANOVER INSURANCE GROUP INC,HANOVER INSU,BDR / CDADRN,THGI,
341,HARLEY-DAVIDSON INC,HARLEY-DAVID,BDR / CDADRN,H1OG,
342,HARTFORD FINANCIAL SERVICES GROUP INC,HARTFORD FIN,BDR / CDADRN,H1IG,
343,HASBRO INC,HASBRO INC,BDR / CDADRN,H1AS,
344,HCA HEALTHCARE INC,HCA HEALTHCA,BDR / CDADRN,H1CA,
345,HDFC BANK LTD,HDFC BANK LT,BDR / CDADRN,H1DB,
346,HEALTHCARE REALTY TRUST INCORPORATED,HEALTH REALT,BDR / CDADRN,H2TA,
347,HEALTHPEAK PROPERTIES INC,HEALTHPEAK P,BDR / CDADRN,P1EA,
348,HEICO CORPORATION,HEICO CORP,BDR / CDADRN,H1EI,
349,HEINEKEN,HEINEKEN,BDR / CDADRN,HEIA,
350,HEINEKEN HOLDING NV,HEINEKEN HO,BDR / CDADRN,HEIO,
351,HENRY SCHEIN INC,HENRY SCHEIN,BDR / CDADRN,H1SI,
352,HESS CORP,HESS CORP,BDR / CDADRN,H1ES,
353,HEWLETT PACKARD ENTERPRISE CO,HEWLETT PACK,BDR / CDADRN,H1PE,
354,HEWLETT-PACKARD COMPANY,HP COMPANY,BDR / CDADRN,HPQB,
355,HF SINCLAIR CORPORATION,HF SINCLAIR,BDR / CDADRN,H1FC,
356,HILTON WORLDWIDE HOLDINGS INC,HILTON WORLD,BDR / CDADRN,H1LT,
357,HOLOGIC INC,HOLOGIC INC,BDR / CDADRN,H1OL,
358,HONDA MOTOR CO LTD,HONDA MO,BDR / CDADRN,HOND,
359,HONEYWELL INTERNATIONAL INC.,HONEYWELL,BDR / CDADRN,HONB,
360,HORMEL FOODS CORP,HORMEL FOODS,BDR / CDADRN,H1RL,
361,HOST HOTELS & RESORTS INC,HOST HOTELS,BDR / CDADRN,H1ST,
362,HOWMET AEROSPACE INC.,HOWMET AERO,BDR / CDADRN,ARNC,
363,HSBC HOLDINGS PLC,HSBC HOLDING,BDR / CDADRN,H1SB,
364,HUBSPOT INC,HUBSPOT INC,BDR / CDADRN,H2UB,
365,HUMANA INC,HUMANA INC,BDR / CDADRN,H1UM,
366,HUNTINGTON BANCSHARES INC,HUNTINGTON B,BDR / CDADRN,H1BA,
367,HUNTINGTON INGALLS INDUSTRIES INC,HUNTINGTON I,BDR / CDADRN,H1II,
368,IAC INTERACTIVECORPORATION,IAC INTERACT,BDR / CDADRN,I1AC,
369,ICICI BANK LTD,ICICI BANK L,BDR / CDADRN,I1BN,
370,ICU MEDICAL INC,ICU MEDICAL,BDR / CDADRN,I2CM,
371,IDEX CORPORATION,IDEX CORP,BDR / CDADRN,I1EX,
372,IDEXX LABORATORIES INC,IDEXX LABORA,BDR / CDADRN,I1DX,
373,ILLINOIS TOOL WORKS INC,ILLINOIS TOO,BDR / CDADRN,I1TW,
374,ILLUMINA INC,ILLUMINA INC,BDR / CDADRN,I1LM,
375,INARI MEDICAL INC,INARI MEDICA,BDR / CDADRN,N2AR,
376,INCYTE CORP,INCYTE CORP,BDR / CDADRN,I1NC,
377,INDIE SEMICONDUCTOR INC,INDIE SEMICO,BDR / CDADRN,I2ND,
378,INFOSYS LTD,INFOSYS LTD,BDR / CDADRN,I1FO,
379,ING GROEP NV,ING GROEP,BDR / CDADRN,INGG,
380,INGERSOLL RAND INC,INGERSOLL RD,BDR / CDADRN,I2RS,
381,INGREDION INCORPORATED,INGREDION IN,BDR / CDADRN,I2NG,
382,INSULET CORP,INSULET CORP,BDR / CDADRN,P2OD,
383,INTEL CORPORATION,INTEL,BDR / CDADRN,ITLC,
384,INTERCONTINENTAL EXCHANGE INC,INTERCONTINE,BDR / CDADRN,I1CE,
385,INTERCONTINENTAL HOTELS GROUP PLC,INT EXCHANGE,BDR / CDADRN,I1HG,
386,INTERNATIONAL BUSINESS MACHINES CORPORATION,IBM,BDR / CDADRN,IBMB,
387,INTERNATIONAL FLAVORS & FRAGRANCES INC,FLAVOR FLAGR,BDR / CDADRN,I1FF,
388,INTERNATIONAL PAPER CO,INTERNATIONA,BDR / CDADRN,I1PC,
389,INTERPUBLIC GROUP OF COS INC,INTERPUBLIC,BDR / CDADRN,I1PH,
390,INTRA-CELLULAR THERAPIES INC,INTRA CELL,BDR / CDADRN,I2TC,
391,INTUIT INC,INTUIT INC,BDR / CDADRN,INTU,
392,INTUITIVE SURGICAL INC,INTUITIVE SU,BDR / CDADRN,I1SR,
393,INVESCO LTD,INVESCO LTD,BDR / CDADRN,I1VZ,
394,INVITATION HOMES INC,INVITATIONHO,BDR / CDADRN,I2NV,
395,IPG PHOTONICS CORP,IPG PHOTONIC,BDR / CDADRN,I1PG,
396,IQIYI INC,IQIYI INC,BDR / CDADRN,I1QY,
397,IQVIA HOLDINGS INC,IQVIA HOLDIN,BDR / CDADRN,I1QV,
398,IRON MOUNTAIN INC,IRON MOUNTAI,BDR / CDADRN,I1RM,
399,ITRON INC,ITRON INC,BDR / CDADRN,I2TR,
400,JABIL INC,JABIL INC,BDR / CDADRN,J2BL,
401,JACK HENRY & ASSOCIATES INC,JACK HENRY,BDR / CDADRN,J1KH,
402,JACOBS SOLUTIONS INC.,JACOBS SOLUT,BDR / CDADRN,J1EG,
403,JAZZ PHARMACEUTICALS PLC,JAZZ PHARMAC,BDR / CDADRN,J2AZ,
404,JB HUNT TRANSPORT SERVICES INC,JB HUNT TRAN,BDR / CDADRN,J1BH,
405,JD.COM INC,JD COM,BDR / CDADRN,JDCO,
406,JEFFERIES FINANCIAL GROUP INC,JEFFERIES FI,BDR / CDADRN,J1EF,
407,JOHN WILEY & SONS INC,JOHN WILEY S,BDR / CDADRN,J2WA,
408,JOHNSON & JOHNSON,JOHNSON,BDR / CDADRN,JNJB,
409,JOHNSON CONTROLS INTERNATIONAL PLC,JOHNSON CONT,BDR / CDADRN,J1CI,
410,JPMORGAN CHASE & CO.,JPMORGAN,BDR / CDADRN,JPMC,
411,JUNIPER NETWORKS INC,JUNIPER NETW,BDR / CDADRN,J1NP,
412,KB FINANCIAL GROUP INC,KB FINANCIAL,BDR / CDADRN,K1BF,
413,KELLANOVA,KELLANOVA,BDR / CDADRN,K1EL,
414,KEMPER CORP,KEMPER CORP,BDR / CDADRN,KMPR,
415,KEYCORP,KEYCORP,BDR / CDADRN,K1EY,
416,KEYSIGHT TECHNOLOGIES INC,KEYSIGHT TEC,BDR / CDADRN,K1SG,
417,KILROY REALTY CORP,KILROY REALT,BDR / CDADRN,K2RC,
418,KIMBERLY-CLARK CORP,KIMBERLY CL,BDR / CDADRN,KMBB,
419,KIMCO REALTY CORPORATION,KIMCO REALTY,BDR / CDADRN,K1IM,
420,KINDER MORGAN INC,KINDER MORGA,BDR / CDADRN,KMIC,
421,KINGSOFT CLOUD HOLDINGS LTD,KINGSOFT CHL,BDR / CDADRN,K2CG,
422,KLA CORP,KLA CORP,BDR / CDADRN,K1LA,
423,KOHLS CORP,KOHLS CORP,BDR / CDADRN,K1SS,
424,KONINKLIJKE PHILIPS NV,KOPHILIPS,BDR / CDADRN,PHGN,
425,KROGER CO,KROGER CO,BDR / CDADRN,K1RC,
426,KT CORP,KT CORP,BDR / CDADRN,K1TC,
427,L3HARRIS TECHNOLOGIES INC,L3HARRIS TEC,BDR / CDADRN,L1HX,
428,LABORATORY CORP OF AMERICA HOLDINGS,LABORATORY C,BDR / CDADRN,L1CA,
429,LAM RESEARCH CORP,LAM RESEARCH,BDR / CDADRN,L1RC,
430,LAMB WESTON HOLDINGS INC,LAMB WESTON,BDR / CDADRN,L1WH,
431,LAS VEGAS SANDS CORPORATION,LAS VEGAS SA,BDR / CDADRN,L1VS,
432,LATTICE SEMICONDUCTOR CORP,LATTICE SEMI,BDR / CDADRN,L2SC,
433,LEGGETT PLATT INC,LEGGETT PL,BDR / CDADRN,L1EG,
434,LEIDOS HOLDINGS INC,LEIDOS HOLDI,BDR / CDADRN,L1DO,
435,LENNAR CORP,LENNAR CORP,BDR / CDADRN,L1EN,
436,LIBERTY BROADBAND CORP,LIBERTY BROA,BDR / CDADRN,LBRD,
437,LINCOLN NATIONAL CORP,LINCOLN NATI,BDR / CDADRN,L1NC,
438,LIVANOVA PLC,LIVANOVA PLC,BDR / CDADRN,L2IV,
439,LIVE NATION ENTERTAINMENT INC,LIVE NATION,BDR / CDADRN,L1YV,
440,LKQ CORP,LKQ CORP,BDR / CDADRN,L1KQ,
441,LLOYDS BANKING GROUP PLC,LLOYDS BANKI,BDR / CDADRN,L1YG,
442,LOCKHEED MARTIN CORPORATION,LOCKHEED,BDR / CDADRN,LMTB,
443,LOEWS CORP,LOEWS CORP,BDR / CDADRN,L1OE,
444,LONDON STOCK EXCHANGE GROUP,LONDON STOCK,BDR / CDADRN,LSEG,
445,LOWES COMPANIES INC,LOWES COMPA,BDR / CDADRN,LOWC,
446,LPL FINANCIAL HOLDINGS INC,LPL FINCL HD,BDR / CDADRN,L2PL,
447,LULULEMON ATHLETICA INC,LULULEMON AT,BDR / CDADRN,L1UL,
448,LUMEN TECHNOLOGIES. INC,LUMEN TECH,BDR / CDADRN,L1MN,
449,LUMINAR TECHNOLOGIES INC,LUMINAR TECH,BDR / CDADRN,L2AZ,
450,LYONDELLBASELL INDUSTRIES NV,LYONDELLBASE,BDR / CDADRN,L1YB,
451,M&T BANK CORP,MT BANK COR,BDR / CDADRN,M1TB,
452,MACYS INC.,MACY S,BDR / CDADRN,MACY,
453,MARATHON OIL CORP,MARATHON OIL,BDR / CDADRN,M1RO,
454,MARATHON PETROLEUM CORP,MARATHON PET,BDR / CDADRN,M1PC,
455,MARKEL GROUP INC,MARKELGROUP,BDR / CDADRN,MKLC,
456,MARKETAXESS HOLDINGS INC,MARKETAXESS,BDR / CDADRN,M1KT,
457,MARRIOTT INTERNATIONAL INC,MARRIOTT INT,BDR / CDADRN,M1TT,
458,MARSH & MCLENNAN COS INC,MARSH E MCLE,BDR / CDADRN,M1MC,
459,MARTIN MARIETTA MATERIALS INC,MARTIN MARIE,BDR / CDADRN,M1LM,
460,MARVELL TECHNOLOGY INC,MARVELL TEC,BDR / CDADRN,M2RV,
461,MASCO CORP,MASCO CORP,BDR / CDADRN,M1AS,
462,MASIMO CORP,MASIMO CORP,BDR / CDADRN,M2AS,
463,MASTERCARD INCORPORATED,MASTERCARD,BDR / CDADRN,MSCD,
464,MATCH GROUP INC,MATCH GROUP,BDR / CDADRN,M1TC,
465,MCCORMICK & CO INC,MCCORMICK,BDR / CDADRN,M1KC,
466,MCDONALDS CORP.,MCDONALDS,BDR / CDADRN,MCDC,
467,MCKESSON CORP,MCKESSON COR,BDR / CDADRN,M1CK,
468,MEDICAL PROPERTIES TRUST INC,MEDICAL P TR,BDR / CDADRN,M2PW,
469,MEDTRONIC PUBLIC LIMITED COMPANY,MEDTRONIC,BDR / CDADRN,MDTC,
470,MELCO RESORTS & ENTERTAINMENT LTD,MELCO RESORT,BDR / CDADRN,M1LC,
471,MERCADOLIBRE INC,MERCADOLIBRE,BDR / CDADRN,MELI,
472,MERCK & CO.. INC.,MERCK,BDR / CDADRN,MRCK,
473,MERIT MEDICAL SYSTEMS INC,MERIT MEDICA,BDR / CDADRN,M2MS,
474,META PLATFORMS. INC.,META PLAT,BDR / CDADRN,M1TA,
475,METLIFE INC,METLIFE INC,BDR / CDADRN,METB,
476,METTLER-TOLEDO INTERNATIONAL INC,METTLER-TOLE,BDR / CDADRN,M1TD,
477,MGM RESORTS INTERNATIONAL,MGM RESORTS,BDR / CDADRN,M1GM,
478,MICROCHIP TECHNOLOGY INC,MICROCHIP TE,BDR / CDADRN,M1CH,
479,MICRON TECHNOLOGY INC,MICRON TECHN,BDR / CDADRN,MUTC,
480,MICROSOFT CORPORATION,MICROSOFT,BDR / CDADRN,MSFT,
481,MICROSTRATEGY INC,MICROSTRATEG,BDR / CDADRN,M2ST,
482,MID-AMERICA APARTMENT COMMUNITIES INC,MID-AMERICA,BDR / CDADRN,M1AA,
483,MIRATI THERAPEUTICS INC,MIRATI THERA,BDR / CDADRN,M2RT,
484,MITSUBISHI UFJ FINANCIAL GROUP INC,MITSUBISHI U,BDR / CDADRN,M1UF,
485,MKS INSTRUMENTS INC,MKS INSTRUME,BDR / CDADRN,M2KS,
486,MOBILE TELESYSTEMS PUBLIC JOINT STOCK CO.,MOBILE JOIN,BDR / CDADRN,M1BT,
487,MODERNA INC,MODERNA INC,BDR / CDADRN,M1RN,
488,MOHAWK INDUSTRIES INC,MOHAWK INDUS,BDR / CDADRN,M1HK,
489,MOLSON COORS BREWING CO,MOLSON COORS,BDR / CDADRN,M1CB,
490,MONDELEZ INTERNATIONAL. INC,MONDELEZ INT,BDR / CDADRN,MDLZ,
491,MONGODB INC,MONGODB INC,BDR / CDADRN,M1DB,
492,MONOLITHIC POWER SYSTEMS INC,MONOLI POWER,BDR / CDADRN,M2PR,
493,MONSTER BEVERAGE CORP,MONSTER BEVE,BDR / CDADRN,M1NS,
494,MOODYS CORP,MOODYS CORP,BDR / CDADRN,MCOR,
495,MORGAN STANLEY,MORGAN STAN,BDR / CDADRN,MSBR,
496,MOTOROLA SOLUTIONS INC,MOTOROLA SOL,BDR / CDADRN,M1SI,
497,MP MATERIALS CORP,MP MATERIALS,BDR / CDADRN,M2PM,
498,MSCI INC,MSCI INC,BDR / CDADRN,M1SC,
499,NASDAQ INC,NASDAQ INC,BDR / CDADRN,N1DA,
500,NATIONAL GRID PLC,NATIONAL GRI,BDR / CDADRN,N1GG,
501,NATIONAL VISION HOLDINGS INC,NATIONAL VIS,BDR / CDADRN,E2YE,
502,NATWEST GROUP PLC,NATWEST GROU,BDR / CDADRN,N1WG,
503,NEOGEN CORP,NEOGEN CORP,BDR / CDADRN,N2EO,
504,NETAPP INC,NETAPP INC,BDR / CDADRN,N1TA,
505,NETEASE INC,NETEASE,BDR / CDADRN,NETE,
506,NETFLIX. INC.,NETFLIX,BDR / CDADRN,NFLX,
507,NEUROCRINE BIOSCIENCES INC,NEUROCRINE B,BDR / CDADRN,N1BI,
508,NEW ORIENTAL EDUCATION & TECHNOLOGY GROUP INC,NEW ORIENTAL,BDR / CDADRN,E1DU,
509,NEWELL BRANDS INC,NEWELL BRAND,BDR / CDADRN,N1WL,
510,NEWMONT CORP,NEWMONT GOLD,BDR / CDADRN,N1EM,
511,NEWS CORP,NEWS CORP,BDR / CDADRN,N1WS,
512,NEXTERA ENERGY INC,NEXTERA ENER,BDR / CDADRN,NEXT,
513,NICE LTD,NICE LTD,BDR / CDADRN,N1IC,
514,NIKE INC,NIKE,BDR / CDADRN,NIKE,
515,NISOURCE INC,NISOURCE INC,BDR / CDADRN,N1IS,
516,NOKIA CORPORATION,NOKIA CORP,BDR / CDADRN,NOKI,
517,NOMURA HOLDINGS INC,NOMURA HO,BDR / CDADRN,NMRH,
518,NORDSTROM INC,NORDSTROM IN,BDR / CDADRN,J1WN,
519,NORFOLK SOUTHERN CORP,NORFOLK SOUT,BDR / CDADRN,N1SC,
520,NORTHERN TRUST CORP,NORTHERN TRU,BDR / CDADRN,N1TR,
521,NORTHROP GRUMMAN CORP,NORTHROP GRU,BDR / CDADRN,NOCG,
522,NORWEGIAN CRUISE LINE HOLDINGS LTD,NORWEGIAN CR,BDR / CDADRN,N1CL,
523,NOV INC,NOV INC,BDR / CDADRN,N1OV,
524,NOVARTIS AG,NOVARTIS AG,BDR / CDADRN,N1VS,
525,NOVO NORDISK A/S,NOVO NORDISK,BDR / CDADRN,N1VO,
526,NOVOCURE LTD,NOVOCURE,BDR / CDADRN,N2VC,
527,NRG ENERGY INC,NRG ENERGY I,BDR / CDADRN,N1RG,
528,NU HOLDINGS LTD.,NU HOLDINGS,BDR / CDADRN,ROXO,
529,NUCOR CORP,NUCOR CORP,BDR / CDADRN,N1UE,
530,NUTANIX INC,NUTANIX,BDR / CDADRN,N2TN,
531,NVIDIA CORP,NVIDIA CORP,BDR / CDADRN,NVDC,
532,NVR INC,NVR INC,BDR / CDADRN,N1VR,
533,NXP SEMICONDUCTORS NV,NXP SEMICOND,BDR / CDADRN,N1XP,
534,OCCIDENTAL PETROLEUM CORP,OCCIDENT PTR,BDR / CDADRN,OXYP,
535,OKTA INC,OKTA INC,BDR / CDADRN,O1KT,
536,OLD DOMINION FREIGHT LINE INC,OLD DOMINION,BDR / CDADRN,O1DF,
537,OMEGA HEALTHCARE INVESTORS INC,OMEGA HEALTH,BDR / CDADRN,O2HI,
538,OMNICOM GROUP INC,OMNICOM GROU,BDR / CDADRN,O1MC,
539,ON SEMICONDUCTOR CORP,ON SEMICONDU,BDR / CDADRN,O2NS,
540,ONEOK INC,ONEOK INC,BDR / CDADRN,O1KE,
541,OPTION CARE HEALTH INC,OPTION CARE,BDR / CDADRN,O2PC,
542,ORACLE CORPORATION,ORACLE,BDR / CDADRN,ORCL,
543,OREILLY AUTOMOTIVE INC,OREILLY AUT,BDR / CDADRN,ORLY,
544,ORIX CORP,ORIX CORP,BDR / CDADRN,I1XC,
545,OTIS WORLDWIDE CORPORATION,OTIS WORLDWI,BDR / CDADRN,O1TI,
546,PACCAR INC,PACCAR INC,BDR / CDADRN,P1AC,
547,PACKAGING CORP OF AMERICA,PACKAGING CO,BDR / CDADRN,P1KG,
548,PAGSEGURO DIGITAL LTD,PAGSEGURO,BDR / CDADRN,PAGS,
549,PALANTIR TECHNOLOGIES INC,PALANTIRTECH,BDR / CDADRN,P2LT,
550,PALO ALTO NETWORKS INC,PALOALTO NET,BDR / CDADRN,P2AN,
551,PARAMOUNT GLOBAL,PARAMOUNT GL,BDR / CDADRN,C1BS,
552,PARKER-HANNIFIN CORP,PARKER-HANNI,BDR / CDADRN,P1HC,
553,PATRIA INVESTMENTS LTD,PATRIA INVST,BDR / CDADRN,P2AX,
554,PAYCHEX INC,PAYCHEX INC,BDR / CDADRN,P1AY,
555,PAYCOM SOFTWARE INC,PAYCOM SOFTW,BDR / CDADRN,P1YC,
556,PAYLOCITY HOLDING CORP,PAYLOCITY,BDR / CDADRN,P2CY,
557,PAYPAL HOLDINGS INC,PAYPAL HOLD,BDR / CDADRN,PYPL,
558,PDD HOLDINGS INC.,PDD HOLDING,BDR / CDADRN,P1DD,
559,PEGASYSTEMS INC,PEGASYSTEMS,BDR / CDADRN,P2EG,
560,PENN ENTERTAINMENT INC,PENN NATIONL,BDR / CDADRN,P2EN,
561,PENTAIR PLC,PENTAIR PLC,BDR / CDADRN,P1NR,
562,PENUMBRA INC,PENUMBRA,BDR / CDADRN,P2NB,
563,PEPSICO. INC.,PEPSICO INC,BDR / CDADRN,PEPB,
564,PERRIGO CO PLC,PERRIGO CO P,BDR / CDADRN,P1RG,
565,PFIZER INC.,PFIZER,BDR / CDADRN,PFIZ,
566,PHILIP MORRIS INTERNATIONAL INC,PHILIP MORRI,BDR / CDADRN,PHMO,
567,PHILLIPS 66,PHILLIPS 66,BDR / CDADRN,P1SX,
568,PINNACLE WEST CAPITAL CORP,PINNACLE WES,BDR / CDADRN,P1NW,
569,PINTEREST INC,PINTERESTINC,BDR / CDADRN,P2IN,
570,PIONEER NATURAL RESOURCES CO,PIONEER NATU,BDR / CDADRN,P1IO,
571,PLANET FITNESS INC,PLANETFITNES,BDR / CDADRN,P2LN,
572,PNC FINANCIAL SERVICES GROUP INC,PNCFNANCIAL,BDR / CDADRN,PNCS,
573,POSCO HOLDINGS INC.,POSCO HOLD,BDR / CDADRN,P1KX,
574,POST HOLDINGS INC,POST HOLDING,BDR / CDADRN,P2OS,
575,POWERSCHOOL HOLDINGS INC,POWERSCHOOL,BDR / CDADRN,P2WS,
576,PPG INDUSTRIES INC,PPG INDUSTRI,BDR / CDADRN,P1PG,
577,PPL CORP,PPL CORP,BDR / CDADRN,P1PL,
578,PRESTIGE CONSUMER HEALTHCARE INC,PRESTIGE CON,BDR / CDADRN,P2BH,
579,PRINCIPAL FINANCIAL GROUP INC,PRINCIPAL FI,BDR / CDADRN,P1FG,
580,PROCORE TECHNOLOGIES INC,PROCORE TECH,BDR / CDADRN,P2CO,
581,PROCTER & GAMBLE COMPANY,PG,BDR / CDADRN,PGCO,
582,PROLOGIS INC,PROLOGIS INC,BDR / CDADRN,P1LD,
583,PRUDENTIAL FINANCIAL INC,PRUDENTIAL F,BDR / CDADRN,P1DT,
584,PRUDENTIAL PLC,PRUDENTIAL P,BDR / CDADRN,P1UK,
585,PT TELEKOMUNIKASI INDONESIA PERSERO TBK,PT TELEKOMUN,BDR / CDADRN,T1LK,
586,PTC INC,PTC INC,BDR / CDADRN,P2TC,
587,PUBLIC SERVICE ENTERPRISE GROUP INC,PUBLIC SERVI,BDR / CDADRN,P1EG,
588,PUBLIC STORAGE,PUBLIC STORA,BDR / CDADRN,P1SA,
589,PULTEGROUP INC,PULTEGROUP I,BDR / CDADRN,P1HM,
590,PURE STORAGE INC,PURE STORAGE,BDR / CDADRN,P2ST,
591,PVH CORP,PVH CORP,BDR / CDADRN,P1VH,
592,QORVO INC,QORVO INC,BDR / CDADRN,Q1RV,
593,QUALCOMM INC.,QUALCOMM,BDR / CDADRN,QCOM,
594,QUANTA SERVICES INC,QUANTA SERVI,BDR / CDADRN,Q1UA,
595,QUANTUMSCAPE CORP,QUANTUMSCAPE,BDR / CDADRN,Q2SC,
596,QUEST DIAGNOSTICS INC,QUEST DIAGNO,BDR / CDADRN,Q1UE,
597,RALPH LAUREN CORP,RALPH LAUREN,BDR / CDADRN,R1LC,
598,RAPID7 INC,RAPID7 INC,BDR / CDADRN,R2PD,
599,RAYMOND JAMES FINANCIAL INC,RAYMOND JAME,BDR / CDADRN,R1JF,
600,REALTY INCOME CORP,REALTY INCOM,BDR / CDADRN,R1IN,
601,REDFIN CORPORATION,REDFIN CORP,BDR / CDADRN,R2DF,
602,REGAL REXNORD CORP,REGALREXNORD,BDR / CDADRN,R2RX,
603,REGENCY CENTERS CORP,REGENCY CENT,BDR / CDADRN,R1EG,
604,REGENERON PHARMACEUTICALS INC,REGENERON PH,BDR / CDADRN,REGN,
605,REGIONS FINANCIAL CORP,REGIONS FINA,BDR / CDADRN,R1FC,
606,RELX PLC,RELX PLC,BDR / CDADRN,R1EL,
607,REPLIGEN CORP,REPLIGEN,BDR / CDADRN,R2GE,
608,REPUBLIC SERVICES INC,REPUBLIC SER,BDR / CDADRN,R1SG,
609,RESMED INC,RESMED INC,BDR / CDADRN,R1MD,
610,REVVITY. INC.,REVVITY INC,BDR / CDADRN,R1VT,
611,RH,RH,BDR / CDADRN,R2HH,
612,RINGCENTRAL INC,RINGCENTRAL,BDR / CDADRN,R2NG,
613,RIO TINTO PLC,RIO TINTO,BDR / CDADRN,RIOT,
614,ROBERT HALF INC.,ROBERT HALF,BDR / CDADRN,R1HI,
615,ROBLOX CORPORATION,ROBLOX CORP,BDR / CDADRN,R2BL,
616,ROCKWELL AUTOMATION INC,ROCKWELL AUT,BDR / CDADRN,R1OK,
617,ROKU INC,ROKU INC,BDR / CDADRN,R1KU,
618,ROLLINS INC,ROLLINS INC,BDR / CDADRN,R1OL,
619,ROPER TECHNOLOGIES INC,ROPER TECHNO,BDR / CDADRN,R1OP,
620,ROSS STORES. INC.,ROSS STORES,BDR / CDADRN,ROST,
621,ROYAL BANK OF CANADA,BANK CANADA,BDR / CDADRN,RYBD,
622,ROYAL CARIBBEAN GROUP,ROYAL CARIBB,BDR / CDADRN,R1CL,
623,RTX CORPORATION,RAYTHEONTECH,BDR / CDADRN,RYTT,
624,RYANAIR HOLDINGS PLC,RYANAIR HOLD,BDR / CDADRN,R1YA,
625,S&P GLOBAL INC,SP GLOBAL,BDR / CDADRN,SPGI,
626,SALESFORCE. INC.,SALESFOR INC,BDR / CDADRN,SSFO,
627,SANDOZ GROUP AG FAKE,SANDOZ,BDR / CDADRN,SZ99,
628,SAP SE,SAP SE,BDR / CDADRN,SAPP,
629,SAREPTA THERAPEUTICS INC,SAREPTA THER,BDR / CDADRN,S1RP,
630,SBA COMMUNICATIONS CORP,SBA COMMUNIC,BDR / CDADRN,S1BA,
631,SCHLUMBERGER LIMITED,SCHLUMBERGER,BDR / CDADRN,SLBG,
632,SCOTIABANK,SCOTIABANK,BDR / CDADRN,BNSB,
633,SEA LTD,SEA LTD,BDR / CDADRN,S2EA,
634,SEAGATE TECHNOLOGY HOLDINGS PLC,SEAGATE HOLD,BDR / CDADRN,S1TX,
635,SEALED AIR CORP,SEALED AIR C,BDR / CDADRN,S1EA,
636,SEI INVESTMENTS CO,SEI INVEST,BDR / CDADRN,S2EI,
637,SEMPRA,SEMPRA,BDR / CDADRN,S1RE,
638,SERVICENOW INC,SERVICENOW,BDR / CDADRN,N1OW,
639,SHOCKWAVE MEDICAL INC,SHOCKWAVE ME,BDR / CDADRN,S2WA,
640,SHOPIFY INC,SHOPIFY INC,BDR / CDADRN,S2HO,
641,SIBANYE STILLWATER LTD,SIBANYE STIL,BDR / CDADRN,S1BS,
642,SIGMA LITHIUM CORP,SIGMA LITHM,BDR / CDADRN,S2GM,
643,SILICON LABORATORIES INC,SILICON LAB,BDR / CDADRN,S2LA,
644,SIMON PROPERTY GROUP INC,SIMON PROP,BDR / CDADRN,SIMN,
645,SIMPLY GOOD FOODS CO/THE,SIMPLY GOOD,BDR / CDADRN,S2MP,
646,SIRIUS XM HOLDINGS INC,SIRIUS XM HD,BDR / CDADRN,SRXM,
647,SIX FLAGS ENTERTAINMENT CORP,SIX FLAGS,BDR / CDADRN,S2IX,
648,SK TELECOM CO LTD,SK TELECOM C,BDR / CDADRN,S1KM,
649,SKYWORKS SOLUTIONS INC,SKYWORKS SOL,BDR / CDADRN,S1SL,
650,SL GREEN REALTY CORP,SL GREEN REA,BDR / CDADRN,S1LG,
651,SMARTSHEET INC,SMARTSHEET,BDR / CDADRN,S2MA,
652,SMITH & NEPHEW PLC,SMITH NEPH,BDR / CDADRN,S1NN,
653,SNAP INC,SNAP INC,BDR / CDADRN,S2NA,
654,SNAP-ON INC,SNAP-ON INC,BDR / CDADRN,S1NA,
655,SNOWFLAKE INC,SNOWFLAKE,BDR / CDADRN,S2NW,
656,SOCIEDAD QUIMICA Y MINERA DE CHILE SA,SOCIEDQM CHI,BDR / CDADRN,S2CH,
657,SOLAREDGE TECHNOLOGIES INC,SOLAR TECH,BDR / CDADRN,S2ED,
658,SONY GROUP CORPORATION,SONY GROUP,BDR / CDADRN,SNEC,
659,SOUTHWEST AIRLINES CO,SOUTHWEST AI,BDR / CDADRN,S1OU,
660,SPLUNK INC,SPLUNK INC,BDR / CDADRN,S1PL,
661,SPOTIFY TECHNOLOGY SA,SPOTIFY TECH,BDR / CDADRN,S1PO,
662,SPROUTS FARMERS MARKET INC,SPROUTS FARM,BDR / CDADRN,S2FM,
663,SQUARESPACE INC,SQUARESPACE,BDR / CDADRN,S2QS,
664,SS&C TECHNOLOGIES HOLDINGS INC,SSC TECHNOL,BDR / CDADRN,S1SN,
665,STAG INDUSTRIAL INC,STAG INDUSTR,BDR / CDADRN,S2TA,
666,STANDARD CHARTERED,STANCHART,BDR / CDADRN,STCH,
667,STANLEY BLACK & DECKER INC,STANLEY BLAC,BDR / CDADRN,S1WK,
668,STARBUCKS CORPORATION,STARBUCKS,BDR / CDADRN,SBUB,
669,STARWOOD PROPERTY TRUST INC,STARWOOD PRO,BDR / CDADRN,S2TW,
670,STATE STREET CORP,STATE STREET,BDR / CDADRN,S1TT,
671,STEPAN CO,STEPAN CO,BDR / CDADRN,S2CL,
672,STERIS PLC,STERIS PLC,BDR / CDADRN,S1TE,
673,STMICROELECTRONICS NV,STMICROEL,BDR / CDADRN,STMN,
674,STRIDE INC,STRIDE INC,BDR / CDADRN,L2RN,
675,STRYKER CORP,STRYKER CORP,BDR / CDADRN,S1YK,
676,SUMITOMO MITSUI FINANCIAL GROUP INC,SUMITOMO MIT,BDR / CDADRN,S1MF,
677,SUN COMMUNITIES INC,SUN COMMUN,BDR / CDADRN,S2UI,
678,SYNAPTICS INC,SYNAPTICS,BDR / CDADRN,S2YN,
679,SYNCHRONY FINANCIAL,SYNCHRONY FI,BDR / CDADRN,S1YF,
680,SYNOPSYS INC,SYNOPSYS INC,BDR / CDADRN,S1NP,
681,SYSCO CORP,SYSCO CORP,BDR / CDADRN,S1YY,
682,T ROWE PRICE GROUP INC,T ROWE PRICE,BDR / CDADRN,T1RO,
683,TAIWAN SEMICONDUCTOR MANUFACTURING CO LTD,TAIWANSMFAC,BDR / CDADRN,TSMC,
684,TAKEDA PHARMACEUTICAL CO LTD,TAKEDAPH,BDR / CDADRN,TAKP,
685,TAKE-TWO INTERACTIVE SOFTWARE INC,TAKE-TWO INT,BDR / CDADRN,T1TW,
686,TAL EDUCATION GROUP,TAL EDUCATIO,BDR / CDADRN,T1AL,
687,TANDEM DIABETES CARE INC,TAND DIABETE,BDR / CDADRN,T2ND,
688,TAPESTRY INC,TAPESTRY INC,BDR / CDADRN,TPRY,
689,TARGET CORP,TARGET CORP,BDR / CDADRN,TGTB,
690,TE CONNECTIVITY LTD,TE CONNECTIV,BDR / CDADRN,T1EL,
691,TECHNIPFMC PLC,TECHNIPFMC P,BDR / CDADRN,T1EC,
692,TELADOC HEALTH INC,TELADOCHEALT,BDR / CDADRN,T2DH,
693,TELEFLEX INC,TELEFLEX INC,BDR / CDADRN,T1FX,
694,TELEFONICA SA,TELEFONIC,BDR / CDADRN,TLNC,
695,TEMPUR SEALY INTERNATIONAL INC,TEMPUR SEALY,BDR / CDADRN,T2PX,
696,TENARIS SA,TENARIS SA,BDR / CDADRN,T1SS,
697,TERADYNE INC,TERADYNE INC,BDR / CDADRN,T2ER,
698,TERNIUM SA,TERNIUMSA,BDR / CDADRN,TXSA,
699,TESCO,TESCO,BDR / CDADRN,TCCO,
700,TESLA. INC,TESLA INC,BDR / CDADRN,TSLA,
701,TEVA PHARMACEUTICAL INDUSTRIES LTD,TEVA PHARMAC,BDR / CDADRN,T1EV,
702,TEXAS INSTRUMENTS INC.,TEXAS INC,BDR / CDADRN,TEXA,
703,TEXTRON INC,TEXTRON INC,BDR / CDADRN,T1XT,
704,THE BANK OF NEW YORK MELLON CORPORATION,BNY MELLON,BDR / CDADRN,BONY,
705,THE BOEING COMPANY,BOEING,BDR / CDADRN,BOEI,
706,THE CHARLES SCHWAB CORPORATION,SCHWAB,BDR / CDADRN,SCHW,
707,THE CIGNA GROUP,CIGNA GROUP,BDR / CDADRN,C1IC,
708,THE COCA-COLA COMPANY,COCA COLA,BDR / CDADRN,COCA,
709,THE GAP. INC.,GAP,BDR / CDADRN,GPSI,
710,THE HAIN CELESTIAL GROUP INC,HAIN CELESTI,BDR / CDADRN,H2AI,
711,THE HERSHEY COMPANY,HERSHEY CO,BDR / CDADRN,HSHY,
712,THE HOME DEPOT. INC.,HOME DEPOT,BDR / CDADRN,HOME,
713,THE JM SMUCKER CO,THE JM SMUCK,BDR / CDADRN,S1JM,
714,THE KRAFT HEINZ COMPANY,KRAFT HEINZ,BDR / CDADRN,KHCB,
715,THE MOSAIC COMPANY,MOSAIC CO,BDR / CDADRN,MOSC,
716,THE PROGRESSIVE CORP,THE PROGRESS,BDR / CDADRN,P1GR,
717,THE SHERWIN-WILLIAMS CO,THE SHERWIN,BDR / CDADRN,S1HW,
718,THE SOUTHERN CO,THE SOUTHERN,BDR / CDADRN,T1SO,
719,THE TRADE DESK INC,TRADE DESK,BDR / CDADRN,T2TD,
720,THE TRAVELERS COMPANIES. INC,TRAVELERS,BDR / CDADRN,TRVC,
721,THE WALT DISNEY COMPANY,WALT DISNEY,BDR / CDADRN,DISB,
722,THE WESTERN UNION COMPANY,WESTERNUNION,BDR / CDADRN,WUNI,
723,THE WILLIAMS COS INC,WILLIAMS COS,BDR / CDADRN,W1MB,
724,THERMO FISHER SCIENTIFIC. INC.,THERMFISCHER,BDR / CDADRN,TMOS,
725,THOMSON REUTERS,THOMSON,BDR / CDADRN,THRE,
726,TJX COMPANIES INC,TJX COMPANIE,BDR / CDADRN,TJXC,
727,T-MOBILE US INC,T-MOBILE US,BDR / CDADRN,T1MU,
728,TOYOTA MOTOR CORP.,TOYOTAMO,BDR / CDADRN,TMCO,
729,TRACTOR SUPPLY CO,TRACTOR SUPP,BDR / CDADRN,T1SC,
730,TRANE TECHNOLOGIES PLC,TRANE TECH,BDR / CDADRN,I1RP,
731,TRANSDIGM GROUP INC,TRANSDIGM GR,BDR / CDADRN,T1DG,
732,TRANSOCEAN LTD.,TRANSOCEAN,BDR / CDADRN,RIGG,
733,TREX CO INC,TREX CO INC,BDR / CDADRN,T2RE,
734,TRIMBLE INC,TRIMBLE INC,BDR / CDADRN,T2RM,
735,TRIP.COM GROUP LIMITED,CTRIPCOM,BDR / CDADRN,CRIP,
736,TRIPADVISOR INC,TRIPADVISOR,BDR / CDADRN,T1RI,
737,TRUIST FINANCIAL CORPORATION,TRUIST FINAN,BDR / CDADRN,B1BT,
738,TWILIO INC,TWILIO INC,BDR / CDADRN,T1WL,
739,TYLER TECHNOLOGIES INC,TYLER TECH,BDR / CDADRN,T2YL,
740,TYSON FOODS INC,TYSON FOODS,BDR / CDADRN,TSNF,
741,U.S. BANCORP,US BANCORP,BDR / CDADRN,USBC,
742,UBER TECHNOLOGIES INC,UBER TECH IN,BDR / CDADRN,U1BE,
743,UBS GROUP AG,UBS GROUP,BDR / CDADRN,UBSG,
744,UDR INC,UDR INC,BDR / CDADRN,U1DR,
745,UIPATH INC,UIPATH INC,BDR / CDADRN,P2AT,
746,ULTA BEAUTY INC,ULTA BEAUTY,BDR / CDADRN,U1LT,
747,ULTRAGENYX PHARMACEUTICAL INC,ULTRAGENYX,BDR / CDADRN,R2AR,
748,UNDER ARMOUR INC,UNDER ARMOUR,BDR / CDADRN,U1AI,
749,UNILEVER PLC,UNILEVER,BDR / CDADRN,ULEV,
750,UNION PACIFIC CORPORATION,UNIONPACIFIC,BDR / CDADRN,UPAC,
751,UNITED AIRLINES HOLDINGS INC,UNITED AIRLI,BDR / CDADRN,U1AL,
752,UNITED NATURAL FOODS INC,UNITED NATUR,BDR / CDADRN,U2NF,
753,UNITED PARCEL SERVICE. INC.,UPS,BDR / CDADRN,UPSS,
754,UNITED RENTALS INC,UNITED RENTA,BDR / CDADRN,U1RI,
755,UNITED STATES STEEL CORPORATION,US STEEL,BDR / CDADRN,USSX,
756,UNITED THERAPEUTICS CORP,UNITEDTHERAP,BDR / CDADRN,U2TH,
757,UNITEDHEALTH GROUP INC,UNITEDHEALTH,BDR / CDADRN,UNHH,
758,UNITY SOFTWARE INC,UNITY SOFTWR,BDR / CDADRN,U2ST,
759,UNIVERSAL DISPLAY CORP,OLED DISPLAY,BDR / CDADRN,O2LE,
760,UNIVERSAL HEALTH SERVICES INC,UNIVERSAL HE,BDR / CDADRN,U1HS,
761,UNUM GROUP,UNUM GROUP,BDR / CDADRN,U1NM,
762,UPSTART HOLDINGS INC,UPSTART HOLD,BDR / CDADRN,U2PS,
763,UPWORK INC,UPWORK INC,BDR / CDADRN,U2PW,
764,VALERO ENERGY CORPORATION,VALERO ENER,BDR / CDADRN,VLOE,
765,VALLEY NATIONAL BANCORP,VALLEY NTION,BDR / CDADRN,VLYB,
766,VARONIS SYSTEMS INC,VARONIS SYS,BDR / CDADRN,V2RN,
767,VEEVA SYSTEMS INC,VEEVASYSTEMS,BDR / CDADRN,V2EE,
768,VENTAS INC,VENTAS INC,BDR / CDADRN,V1TA,
769,VERALTO CORPORATION.,VERALTO FAKE,BDR / CDADRN,VC99,
770,VERISIGN INC,VERISIGN INC,BDR / CDADRN,VRSN,
771,VERISK ANALYTICS INC,VERISK ANALY,BDR / CDADRN,V1RS,
772,VERIZON COMMUNICATIONS INC.,VERIZON,BDR / CDADRN,VERZ,
773,VERTEX PHARMACEUTICALS INC,VERTEX PHARM,BDR / CDADRN,VRTX,
774,VF CORP,VF CORP,BDR / CDADRN,VFCO,
775,VIMEO INC,VIMEO INC,BDR / CDADRN,V2ME,
776,VIPSHOP HOLDINGS LTD,VIPSHOP HOLD,BDR / CDADRN,V1IP,
777,VISA INC.,VISA INC,BDR / CDADRN,VISA,
778,VODAFONE GROUP PUBLIC LTD COMPANY,VODAFONE GRO,BDR / CDADRN,V1OD,
779,VORNADO REALTY TRUST,VORNADO REAL,BDR / CDADRN,V1NO,
780,VTEX,VTEX,BDR / CDADRN,V2TX,
781,VULCAN MATERIALS CO,VULCAN MATER,BDR / CDADRN,V1MC,
782,WABTEC CORP,WABTEC CORP,BDR / CDADRN,W1AB,
783,WALGREENS BOOTS ALLIANCE INC,WALGREENS,BDR / CDADRN,WGBA,
784,WALMART INC.,WAL MART,BDR / CDADRN,WALM,
785,WARNER BROS. DISCOVERY. INC..,WARNER DISCO,BDR / CDADRN,W1BD,
786,WARNER MUSIC GROUP CORPORATION,WARNER MUSIC,BDR / CDADRN,W1MG,
787,WASTE MANAGEMENT INC,WASTE MANAG,BDR / CDADRN,W1MC,
788,WATERS CORP,WATERS CORP,BDR / CDADRN,WATC,
789,WATSCO INC,WATSCO INC,BDR / CDADRN,W1SO,
790,WAYFAIR INC,WAYFAIR INC,BDR / CDADRN,W2YF,
791,WEC ENERGY GROUP INC,WEC ENERGY G,BDR / CDADRN,W1EC,
792,WEIBO CORP,WEIBO CORP,BDR / CDADRN,W1BO,
793,WELLS FARGO & COMPANY,WELLS FARGO,BDR / CDADRN,WFCO,
794,WELLTOWER INC,WELLTOWER IN,BDR / CDADRN,W1EL,
795,WEST PHARMACEUTICAL SERVICES INC,WEST PHARMA,BDR / CDADRN,W2ST,
796,WESTERN ALLIANCE BANCORPORATION,WESTERN BCOR,BDR / CDADRN,WABC,
797,WESTERN DIGITAL CORP,WESTERN DIG,BDR / CDADRN,W1DC,
798,WEX INC,WEX INC,BDR / CDADRN,W2EX,
799,WEYERHAEUSER CO,WEYERHAEUSER,BDR / CDADRN,W1YC,
800,WHIRLPOOL CORP,WHIRLPOOL CO,BDR / CDADRN,W1HR,
801,WILLIS TOWERS WATSON PLC,WILLIS TOWER,BDR / CDADRN,W1LT,
802,WIX.COM LTD,WIX.COM LTD,BDR / CDADRN,W1IX,
803,WOLFSPEED INC,WOLFSPEED IN,BDR / CDADRN,W2OL,
804,WORKDAY INC,WORKDAY INC,BDR / CDADRN,W1DA,
805,WPP PLC,WPP PLC,BDR / CDADRN,W1PP,
806,WR BERKLEY CORPORATION,WR BERKLEY C,BDR / CDADRN,W1RB,
807,WW GRAINGER INC,WW GRAINGER,BDR / CDADRN,G1WW,
808,WYNN RESORTS LTD,WYNN RESORTS,BDR / CDADRN,W1YN,
809,XCEL ENERGY INC,XCEL ENERGY,BDR / CDADRN,X1EL,
810,XEROX HOLDINGS CORPORATION,XEROX CORP,BDR / CDADRN,XRXB,
811,XYLEM INC,XYLEM INC,BDR / CDADRN,X1YL,
812,YPF SA,YPF SA,BDR / CDADRN,Y2PF,
813,YUM BRANDS INC,YUM BRANDS,BDR / CDADRN,YUMR,
814,ZEBRA TECHNOLOGIES CORPORATION,ZEBRA TECHNO,BDR / CDADRN,Z1BR,
815,ZIFF DAVIS INC,ZIFF DAVIS,BDR / CDADRN,Z2DV,
816,ZILLOW GROUP INC,ZILLOW GROUP,BDR / CDADRN,Z2LL,
817,ZIMMER BIOMET HOLDINGS INC,ZIMMER BIOME,BDR / CDADRN,Z1BH,
818,ZIONS BANCORPORATION NA,ZIONSBANCORP,BDR / CDADRN,Z1IO,
819,ZOETIS INC,ZOETIS INC,BDR / CDADRN,Z1TS,
820,ZOOM VIDEO COMMUNICATIONS INC,ZOOM VIDEO,BDR / CDADRN,Z1OM,
821,ZOOMINFO TECHNOLOGIES INC,ZOOMINFO TC,BDR / CDADRN,Z2IT,
822,ZSCALER INC,ZSCALER INC,BDR / CDADRN,Z2SC,
823,ZTO EXPRESS CAYMAN INC,ZTO EXPRESS,BDR / CDADRN,Z1TO,
